epoch,logged_epoch,train/cardinality_error,train/cardinality_error_0,train/cardinality_error_1,train/cardinality_error_2,train/cardinality_error_enc,train/class_error,train/loss,train/loss_bbox,train/loss_bbox_0,train/loss_bbox_1,train/loss_bbox_2,train/loss_bbox_enc,train/loss_ce,train/loss_ce_0,train/loss_ce_1,train/loss_ce_2,train/loss_ce_enc,train/loss_giou,train/loss_giou_0,train/loss_giou_1,train/loss_giou_2,train/loss_giou_enc,train/loss_mask_ce,train/loss_mask_ce_0,train/loss_mask_ce_1,train/loss_mask_ce_2,train/loss_mask_ce_enc,train/loss_mask_dice,train/loss_mask_dice_0,train/loss_mask_dice_1,train/loss_mask_dice_2,train/loss_mask_dice_enc,train/lr,train/lr_max,train/lr_min,val/AP/AlgalLeafSpot,val/AP/LeafMiner,val/AP/PowderyMildew,val/AP/Rust,val/F1,val/ema_mAP_50,val/ema_mAP_50_95,val/ema_mAR,val/ema_segm_mAP_50,val/ema_segm_mAP_50_95,val/loss,val/mAP_50,val/mAP_50_95,val/mAP_75,val/mAR,val/precision,val/recall,val/segm_mAP_50,val/segm_mAP_50_95
49,0.0,,,,,,,,,,,,,,,,,,,,,,,,,,,,,,,,,9.999999747378752e-05,9.999999747378752e-05,3.232564267818816e-06,,,,,,,,,,,,,,,,,,,
99,0.0,,,,,,,,,,,,,,,,,,,,,,,,,,,,,,,,,9.999999747378752e-05,9.999999747378752e-05,3.232564267818816e-06,,,,,,,,,,,,,,,,,,,
149,0.0,,,,,,,,,,,,,,,,,,,,,,,,,,,,,,,,,9.999999747378752e-05,9.999999747378752e-05,3.232564267818816e-06,,,,,,,,,,,,,,,,,,,
168,0.0,1297.6590576171875,1297.1820068359375,1298.257080078125,1297.8221435546875,1298.638671875,29.8219051361084,35.107093811035156,0.08844040334224701,0.09698411077260971,0.09686329215765,0.09060327708721161,0.15043947100639343,1.0478342771530151,1.1289863586425781,1.0570539236068726,1.0428367853164673,1.0333800315856934,0.1477556824684143,0.16408896446228027,0.15941055119037628,0.14996419847011566,0.2282053530216217,0.0792098268866539,0.08414492756128311,0.07915366441011429,0.08108633011579514,0.09647305309772491,0.08094928413629532,0.08908775448799133,0.08209259808063507,0.08218049257993698,0.09384787082672119,,,,0.6565868258476257,0.40825560688972473,0.4328019917011261,0.49211135506629944,0.7442460060119629,0.7854446768760681,0.5034283995628357,0.8902040123939514,0.8071506023406982,0.7880940437316895,32.49971389770508,0.7727599143981934,0.4974389672279358,0.47969117760658264,0.8821947574615479,0.7749344110488892,0.7452704906463623,0.7982598543167114,0.778156042098999
199,1.0,,,,,,,,,,,,,,,,,,,,,,,,,,,,,,,,,9.999999747378752e-05,9.999999747378752e-05,3.232564267818816e-06,,,,,,,,,,,,,,,,,,,
249,1.0,,,,,,,,,,,,,,,,,,,,,,,,,,,,,,,,,9.999999747378752e-05,9.999999747378752e-05,3.232564267818816e-06,,,,,,,,,,,,,,,,,,,
299,1.0,,,,,,,,,,,,,,,,,,,,,,,,,,,,,,,,,9.999999747378752e-05,9.999999747378752e-05,3.232564267818816e-06,,,,,,,,,,,,,,,,,,,
337,1.0,1298.999267578125,1298.7015380859375,1298.98779296875,1298.9989013671875,1298.999267578125,6.181725978851318,31.623491287231445,0.08146017044782639,0.09004583954811096,0.08895226567983627,0.0831376388669014,0.15554124116897583,0.9230157732963562,1.0579344034194946,0.9670628905296326,0.9272706508636475,0.9131245017051697,0.1310226023197174,0.14766862988471985,0.14367683231830597,0.13595980405807495,0.22642508149147034,0.06739287823438644,0.07116509974002838,0.06789945065975189,0.06823260337114334,0.08378694951534271,0.06991710513830185,0.07493594288825989,0.0709911435842514,0.0700417086482048,0.07888807356357574,,,,0.5928356647491455,0.4415947198867798,0.24220581352710724,0.45432886481285095,0.585028886795044,0.8229405283927917,0.6053829193115234,0.8990952372550964,0.8318385481834412,0.8149560689926147,32.84923553466797,0.6145551800727844,0.4327412545681,0.45723068714141846,0.8726628422737122,0.6346588730812073,0.6994977593421936,0.6301872730255127,0.6130752563476562
349,2.0,,,,,,,,,,,,,,,,,,,,,,,,,,,,,,,,,9.999999747378752e-05,9.999999747378752e-05,3.232564267818816e-06,,,,,,,,,,,,,,,,,,,
399,2.0,,,,,,,,,,,,,,,,,,,,,,,,,,,,,,,,,9.999999747378752e-05,9.999999747378752e-05,3.232564267818816e-06,,,,,,,,,,,,,,,,,,,
449,2.0,,,,,,,,,,,,,,,,,,,,,,,,,,,,,,,,,9.999999747378752e-05,9.999999747378752e-05,3.232564267818816e-06,,,,,,,,,,,,,,,,,,,
499,2.0,,,,,,,,,,,,,,,,,,,,,,,,,,,,,,,,,9.999999747378752e-05,9.999999747378752e-05,3.232564267818816e-06,,,,,,,,,,,,,,,,,,,
506,2.0,1299.0,1298.9208984375,1298.99560546875,1299.0,1299.0,3.354006052017212,29.681875228881836,0.07759930193424225,0.08416858315467834,0.08385038375854492,0.07938478887081146,0.14392347633838654,0.861800491809845,1.0109279155731201,0.8999151587486267,0.8651072382926941,0.8801578283309937,0.12064190953969955,0.13581006228923798,0.13241498172283173,0.12421540170907974,0.208494633436203,0.06006674841046333,0.06513247638940811,0.06264886260032654,0.06077156588435173,0.07582779973745346,0.06396888196468353,0.070039302110672,0.06594632565975189,0.06388992071151733,0.07261723279953003,,,,0.7174906730651855,0.4985615611076355,0.664793074131012,0.5544116497039795,0.7929571270942688,0.845719575881958,0.6375546455383301,0.9115814566612244,0.8593721389770508,0.8462295532226562,29.50751495361328,0.8343812227249146,0.6088142395019531,0.6388635039329529,0.8907296657562256,0.7754390835762024,0.8222165107727051,0.8557108044624329,0.8354754447937012
549,3.0,,,,,,,,,,,,,,,,,,,,,,,,,,,,,,,,,9.999999747378752e-05,9.999999747378752e-05,3.232564267818816e-06,,,,,,,,,,,,,,,,,,,
599,3.0,,,,,,,,,,,,,,,,,,,,,,,,,,,,,,,,,9.999999747378752e-05,9.999999747378752e-05,3.232564267818816e-06,,,,,,,,,,,,,,,,,,,
649,3.0,,,,,,,,,,,,,,,,,,,,,,,,,,,,,,,,,9.999999747378752e-05,9.999999747378752e-05,3.232564267818816e-06,,,,,,,,,,,,,,,,,,,
675,3.0,1299.0,1298.9171142578125,1298.9989013671875,1299.0,1299.0,2.580223560333252,28.596214294433594,0.07505252212285995,0.08645684272050858,0.08348044753074646,0.07717250287532806,0.14074523746967316,0.832732081413269,0.9496070146560669,0.8622347116470337,0.8397811055183411,0.8657395243644714,0.11540599912405014,0.13536517322063446,0.12755186855793,0.11831976473331451,0.20273953676223755,0.058124419301748276,0.06237645074725151,0.059451356530189514,0.05851190164685249,0.07059447467327118,0.061252329498529434,0.06575445830821991,0.06267186254262924,0.06092327833175659,0.06682897359132767,,,,0.712078332901001,0.5174535512924194,0.6503886580467224,0.5949497222900391,0.8285796642303467,0.8757070899009705,0.6553893089294434,0.9097152948379517,0.8889273405075073,0.8702400326728821,28.49214744567871,0.8752862215042114,0.6187175512313843,0.6396419405937195,0.8917911052703857,0.8769946098327637,0.7880181670188904,0.8868741989135742,0.8629916906356812
699,4.0,,,,,,,,,,,,,,,,,,,,,,,,,,,,,,,,,9.999999747378752e-05,9.999999747378752e-05,3.232564267818816e-06,,,,,,,,,,,,,,,,,,,
749,4.0,,,,,,,,,,,,,,,,,,,,,,,,,,,,,,,,,9.999999747378752e-05,9.999999747378752e-05,3.232564267818816e-06,,,,,,,,,,,,,,,,,,,
799,4.0,,,,,,,,,,,,,,,,,,,,,,,,,,,,,,,,,9.999999747378752e-05,9.999999747378752e-05,3.232564267818816e-06,,,,,,,,,,,,,,,,,,,
844,4.0,1299.0,1298.9163818359375,1298.99560546875,1299.0,1299.0,2.5972917079925537,27.91891860961914,0.07701531052589417,0.09184645116329193,0.08632708340883255,0.07912938296794891,0.14111773669719696,0.7923361659049988,0.9043694734573364,0.8285648822784424,0.8010548949241638,0.8813492059707642,0.116341732442379,0.14055165648460388,0.13048751652240753,0.1202864795923233,0.20410847663879395,0.056516069918870926,0.06029066815972328,0.05708080902695656,0.05631556361913681,0.06972891092300415,0.06228681281208992,0.06449653208255768,0.06077525019645691,0.061321452260017395,0.06715086847543716,,,,0.7174263596534729,0.5218601226806641,0.7016298770904541,0.5620627999305725,0.8220422267913818,0.8872597813606262,0.6664629578590393,0.9058743119239807,0.9030681848526001,0.887110710144043,30.503787994384766,0.8677017688751221,0.6257448196411133,0.6523561477661133,0.8996301293373108,0.8223039507865906,0.8259231448173523,0.8777995705604553,0.8512660264968872
849,5.0,,,,,,,,,,,,,,,,,,,,,,,,,,,,,,,,,9.999999747378752e-05,9.999999747378752e-05,3.232564267818816e-06,,,,,,,,,,,,,,,,,,,
899,5.0,,,,,,,,,,,,,,,,,,,,,,,,,,,,,,,,,9.999999747378752e-05,9.999999747378752e-05,3.232564267818816e-06,,,,,,,,,,,,,,,,,,,
949,5.0,,,,,,,,,,,,,,,,,,,,,,,,,,,,,,,,,9.999999747378752e-05,9.999999747378752e-05,3.232564267818816e-06,,,,,,,,,,,,,,,,,,,
999,5.0,,,,,,,,,,,,,,,,,,,,,,,,,,,,,,,,,9.999999747378752e-05,9.999999747378752e-05,3.232564267818816e-06,,,,,,,,,,,,,,,,,,,
1013,5.0,1299.0,1298.9105224609375,1298.9925537109375,1299.0,1299.0,1.7011834383010864,27.968299865722656,0.07226865738630295,0.08466561138629913,0.08171036839485168,0.07556013762950897,0.1269661784172058,0.7949345111846924,0.9195578098297119,0.8332608938217163,0.7998964190483093,0.9327406287193298,0.11000275611877441,0.13132911920547485,0.12405847012996674,0.11446062475442886,0.18950092792510986,0.055671583861112595,0.05935511365532875,0.05749804526567459,0.056253477931022644,0.06952983140945435,0.05988793075084686,0.06219581887125969,0.060447923839092255,0.05923684313893318,0.06428071111440659,,,,0.7305476665496826,0.5049929022789001,0.7259649634361267,0.5705785751342773,0.812915027141571,0.8865142464637756,0.6719502210617065,0.9141162037849426,0.9019901156425476,0.8817178606987,29.21078109741211,0.8646207451820374,0.6330209970474243,0.6731502413749695,0.9043272733688354,0.8044217824935913,0.8367888927459717,0.8829127550125122,0.8613829016685486
1049,6.0,,,,,,,,,,,,,,,,,,,,,,,,,,,,,,,,,9.999999747378752e-05,9.999999747378752e-05,3.232564267818816e-06,,,,,,,,,,,,,,,,,,,
1099,6.0,,,,,,,,,,,,,,,,,,,,,,,,,,,,,,,,,9.999999747378752e-05,9.999999747378752e-05,3.232564267818816e-06,,,,,,,,,,,,,,,,,,,
1149,6.0,,,,,,,,,,,,,,,,,,,,,,,,,,,,,,,,,9.999999747378752e-05,9.999999747378752e-05,3.232564267818816e-06,,,,,,,,,,,,,,,,,,,
1182,6.0,1299.0,1298.8990478515625,1298.980712890625,1299.0,1299.0,1.3797223567962646,26.31412696838379,0.0776204913854599,0.0907367467880249,0.08629665523767471,0.08005543798208237,0.13834461569786072,0.7309249639511108,0.8422070741653442,0.7615759968757629,0.7341788411140442,0.8296282291412354,0.11287997663021088,0.13405871391296387,0.12537086009979248,0.11690815538167953,0.19677045941352844,0.05893052741885185,0.06031639501452446,0.05834977701306343,0.05849786847829819,0.06958375871181488,0.06203426420688629,0.06293898820877075,0.0603560209274292,0.06091712787747383,0.06493810564279556,,,,0.7016692161560059,0.5190216898918152,0.746749222278595,0.607855498790741,0.8621172904968262,0.9010428786277771,0.6814651489257812,0.903451681137085,0.9175434112548828,0.8968947529792786,27.177465438842773,0.8963424563407898,0.6438239216804504,0.6782321929931641,0.8617352843284607,0.9017389416694641,0.8369121551513672,0.917212188243866,0.8948798775672913
1199,7.0,,,,,,,,,,,,,,,,,,,,,,,,,,,,,,,,,9.999999747378752e-05,9.999999747378752e-05,3.232564267818816e-06,,,,,,,,,,,,,,,,,,,
1249,7.0,,,,,,,,,,,,,,,,,,,,,,,,,,,,,,,,,9.999999747378752e-05,9.999999747378752e-05,3.232564267818816e-06,,,,,,,,,,,,,,,,,,,
1299,7.0,,,,,,,,,,,,,,,,,,,,,,,,,,,,,,,,,9.999999747378752e-05,9.999999747378752e-05,3.232564267818816e-06,,,,,,,,,,,,,,,,,,,
1349,7.0,,,,,,,,,,,,,,,,,,,,,,,,,,,,,,,,,9.999999747378752e-05,9.999999747378752e-05,3.232564267818816e-06,,,,,,,,,,,,,,,,,,,
1351,7.0,1299.0,1298.924560546875,1298.996337890625,1299.0,1299.0,1.3228265047073364,25.708707809448242,0.07489306479692459,0.08974278718233109,0.08193828165531158,0.07700153440237045,0.1326221525669098,0.7223792672157288,0.8152793645858765,0.758375883102417,0.7262142300605774,0.8016083836555481,0.10937473922967911,0.13146844506263733,0.12008986622095108,0.1123792976140976,0.1892630159854889,0.05632353201508522,0.05936349928379059,0.05719955265522003,0.057195793837308884,0.06804240494966507,0.059607312083244324,0.05924702435731888,0.057618580758571625,0.05939703807234764,0.06266308575868607,,,,0.7535678744316101,0.5320682525634766,0.728201150894165,0.6430261731147766,0.8338984847068787,0.9040468335151672,0.6872210502624512,0.8977158069610596,0.9207420945167542,0.899402379989624,27.52182960510254,0.8815464377403259,0.6642158627510071,0.6954073309898376,0.8919796943664551,0.8484615683555603,0.832989513874054,0.8996120095252991,0.8741854429244995
