epoch,logged_epoch,train/cardinality_error,train/cardinality_error_0,train/cardinality_error_1,train/cardinality_error_2,train/cardinality_error_enc,train/class_error,train/loss,train/loss_bbox,train/loss_bbox_0,train/loss_bbox_1,train/loss_bbox_2,train/loss_bbox_enc,train/loss_ce,train/loss_ce_0,train/loss_ce_1,train/loss_ce_2,train/loss_ce_enc,train/loss_giou,train/loss_giou_0,train/loss_giou_1,train/loss_giou_2,train/loss_giou_enc,train/loss_mask_ce,train/loss_mask_ce_0,train/loss_mask_ce_1,train/loss_mask_ce_2,train/loss_mask_ce_enc,train/loss_mask_dice,train/loss_mask_dice_0,train/loss_mask_dice_1,train/loss_mask_dice_2,train/loss_mask_dice_enc,train/lr,train/lr_max,train/lr_min,val/AP/BrownSpot,val/AP/Healthy,val/AP/Hispa,val/AP/LeafBlast,val/F1,val/ema_mAP_50,val/ema_mAP_50_95,val/ema_mAR,val/ema_segm_mAP_50,val/ema_segm_mAP_50_95,val/loss,val/mAP_50,val/mAP_50_95,val/mAP_75,val/mAR,val/precision,val/recall,val/segm_mAP_50,val/segm_mAP_50_95
49,0.0,,,,,,,,,,,,,,,,,,,,,,,,,,,,,,,,,9.999999747378752e-05,9.999999747378752e-05,3.232564267818816e-06,,,,,,,,,,,,,,,,,,,
99,0.0,,,,,,,,,,,,,,,,,,,,,,,,,,,,,,,,,9.999999747378752e-05,9.999999747378752e-05,3.232564267818816e-06,,,,,,,,,,,,,,,,,,,
149,0.0,,,,,,,,,,,,,,,,,,,,,,,,,,,,,,,,,9.999999747378752e-05,9.999999747378752e-05,3.232564267818816e-06,,,,,,,,,,,,,,,,,,,
199,0.0,,,,,,,,,,,,,,,,,,,,,,,,,,,,,,,,,9.999999747378752e-05,9.999999747378752e-05,3.232564267818816e-06,,,,,,,,,,,,,,,,,,,
249,0.0,,,,,,,,,,,,,,,,,,,,,,,,,,,,,,,,,9.999999747378752e-05,9.999999747378752e-05,3.232564267818816e-06,,,,,,,,,,,,,,,,,,,
298,0.0,1298.7010498046875,1298.1112060546875,1298.4962158203125,1297.40380859375,1298.6341552734375,40.276851654052734,29.681884765625,0.04322953522205353,0.058105889707803726,0.04890528321266174,0.04189862683415413,0.11341530084609985,0.9873075485229492,1.1143337488174438,1.0232741832733154,0.9964001774787903,0.998318076133728,0.05667745694518089,0.07784555852413177,0.06528893113136292,0.05587594583630562,0.1422843486070633,0.03342464566230774,0.03762326389551163,0.03419787436723709,0.0338607020676136,0.042631715536117554,0.03033929131925106,0.03713938221335411,0.031361088156700134,0.03040018305182457,0.041021477431058884,,,,0.6857932209968567,0.7141895294189453,0.6135503053665161,0.6618555784225464,0.6014247536659241,0.717529296875,0.6883571743965149,0.9550530314445496,0.6484962701797485,0.6342671513557434,25.643707275390625,0.6959125399589539,0.6688471436500549,0.6731464862823486,0.9526365995407104,0.6107496619224548,0.6444266438484192,0.6397151947021484,0.6263095736503601
299,1.0,,,,,,,,,,,,,,,,,,,,,,,,,,,,,,,,,9.999999747378752e-05,9.999999747378752e-05,3.232564267818816e-06,,,,,,,,,,,,,,,,,,,
349,1.0,,,,,,,,,,,,,,,,,,,,,,,,,,,,,,,,,9.999999747378752e-05,9.999999747378752e-05,3.232564267818816e-06,,,,,,,,,,,,,,,,,,,
399,1.0,,,,,,,,,,,,,,,,,,,,,,,,,,,,,,,,,9.999999747378752e-05,9.999999747378752e-05,3.232564267818816e-06,,,,,,,,,,,,,,,,,,,
449,1.0,,,,,,,,,,,,,,,,,,,,,,,,,,,,,,,,,9.999999747378752e-05,9.999999747378752e-05,3.232564267818816e-06,,,,,,,,,,,,,,,,,,,
499,1.0,,,,,,,,,,,,,,,,,,,,,,,,,,,,,,,,,9.999999747378752e-05,9.999999747378752e-05,3.232564267818816e-06,,,,,,,,,,,,,,,,,,,
549,1.0,,,,,,,,,,,,,,,,,,,,,,,,,,,,,,,,,9.999999747378752e-05,9.999999747378752e-05,3.232564267818816e-06,,,,,,,,,,,,,,,,,,,
597,1.0,1298.82568359375,1298.515869140625,1298.216552734375,1298.5665283203125,1298.9075927734375,20.938940048217773,24.845767974853516,0.041674692183732986,0.059955473989248276,0.05009989067912102,0.04211372882127762,0.10647886991500854,0.8051471710205078,0.9147483706474304,0.8422008156776428,0.8125218152999878,0.8387120366096497,0.0521916039288044,0.076689712703228,0.06381161510944366,0.05385974794626236,0.13293854892253876,0.02915109694004059,0.032367072999477386,0.030223773792386055,0.02962365373969078,0.03686010092496872,0.027730271220207214,0.030859997496008873,0.027727946639060974,0.02643781341612339,0.03272361308336258,,,,0.7231919765472412,0.7743778228759766,0.7785443663597107,0.6933286190032959,0.6881817579269409,0.7942737936973572,0.762851893901825,0.9600668549537659,0.7230758666992188,0.7070121169090271,22.591428756713867,0.780493974685669,0.7423607110977173,0.7465632557868958,0.9602113962173462,0.6991620659828186,0.6886743307113647,0.7160406112670898,0.6964156627655029
599,2.0,,,,,,,,,,,,,,,,,,,,,,,,,,,,,,,,,9.999999747378752e-05,9.999999747378752e-05,3.232564267818816e-06,,,,,,,,,,,,,,,,,,,
649,2.0,,,,,,,,,,,,,,,,,,,,,,,,,,,,,,,,,9.999999747378752e-05,9.999999747378752e-05,3.232564267818816e-06,,,,,,,,,,,,,,,,,,,
699,2.0,,,,,,,,,,,,,,,,,,,,,,,,,,,,,,,,,9.999999747378752e-05,9.999999747378752e-05,3.232564267818816e-06,,,,,,,,,,,,,,,,,,,
749,2.0,,,,,,,,,,,,,,,,,,,,,,,,,,,,,,,,,9.999999747378752e-05,9.999999747378752e-05,3.232564267818816e-06,,,,,,,,,,,,,,,,,,,
799,2.0,,,,,,,,,,,,,,,,,,,,,,,,,,,,,,,,,9.999999747378752e-05,9.999999747378752e-05,3.232564267818816e-06,,,,,,,,,,,,,,,,,,,
849,2.0,,,,,,,,,,,,,,,,,,,,,,,,,,,,,,,,,9.999999747378752e-05,9.999999747378752e-05,3.232564267818816e-06,,,,,,,,,,,,,,,,,,,
896,2.0,1298.864501953125,1298.167236328125,1298.529296875,1298.367919921875,1298.90966796875,18.48396110534668,23.932676315307617,0.03794165328145027,0.05755644664168358,0.046031404286623,0.038355275988578796,0.10724994540214539,0.7745485901832581,0.8812735676765442,0.8172516822814941,0.7800636291503906,0.8141502737998962,0.047570277005434036,0.07281581312417984,0.058795150369405746,0.04887384548783302,0.1298287957906723,0.02809440903365612,0.031154794618487358,0.029104089364409447,0.02841329760849476,0.036109231412410736,0.02584720589220524,0.02760070003569126,0.025164276361465454,0.0259392186999321,0.031532540917396545,,,,0.7184334397315979,0.7713101506233215,0.7787116765975952,0.62617427110672,0.7014882564544678,0.7953009605407715,0.7654924392700195,0.9565789699554443,0.7291572690010071,0.7141832709312439,22.67447853088379,0.7693654894828796,0.7236573696136475,0.7353355884552002,0.9553735852241516,0.7264454960823059,0.6798965930938721,0.7019458413124084,0.682683527469635
899,3.0,,,,,,,,,,,,,,,,,,,,,,,,,,,,,,,,,9.999999747378752e-05,9.999999747378752e-05,3.232564267818816e-06,,,,,,,,,,,,,,,,,,,
949,3.0,,,,,,,,,,,,,,,,,,,,,,,,,,,,,,,,,9.999999747378752e-05,9.999999747378752e-05,3.232564267818816e-06,,,,,,,,,,,,,,,,,,,
999,3.0,,,,,,,,,,,,,,,,,,,,,,,,,,,,,,,,,9.999999747378752e-05,9.999999747378752e-05,3.232564267818816e-06,,,,,,,,,,,,,,,,,,,
1049,3.0,,,,,,,,,,,,,,,,,,,,,,,,,,,,,,,,,9.999999747378752e-05,9.999999747378752e-05,3.232564267818816e-06,,,,,,,,,,,,,,,,,,,
1099,3.0,,,,,,,,,,,,,,,,,,,,,,,,,,,,,,,,,9.999999747378752e-05,9.999999747378752e-05,3.232564267818816e-06,,,,,,,,,,,,,,,,,,,
1149,3.0,,,,,,,,,,,,,,,,,,,,,,,,,,,,,,,,,9.999999747378752e-05,9.999999747378752e-05,3.232564267818816e-06,,,,,,,,,,,,,,,,,,,
1195,3.0,1298.8917236328125,1298.8084716796875,1298.6822509765625,1298.603271484375,1298.9163818359375,15.621188163757324,23.381427764892578,0.044718045741319656,0.061013855040073395,0.05262676253914833,0.04733846336603165,0.10732480883598328,0.7278532981872559,0.8479301333427429,0.810613751411438,0.754604697227478,0.7925311923027039,0.05527855455875397,0.07836706936359406,0.06702858954668045,0.058922529220581055,0.1306745707988739,0.026854585856199265,0.030458198860287666,0.02824155054986477,0.027289148420095444,0.03477732837200165,0.02320564165711403,0.02624472975730896,0.02374308742582798,0.023334648460149765,0.029471969231963158,,,,0.699574887752533,0.7341724634170532,0.7518975734710693,0.652363657951355,0.6838208436965942,0.7882469892501831,0.7561840415000916,0.9562909007072449,0.7268454432487488,0.7094575762748718,23.414487838745117,0.7637404203414917,0.7095021605491638,0.7347108125686646,0.9460863471031189,0.7169210910797119,0.6581463813781738,0.7095357775688171,0.6877056956291199
1199,4.0,,,,,,,,,,,,,,,,,,,,,,,,,,,,,,,,,9.999999747378752e-05,9.999999747378752e-05,3.232564267818816e-06,,,,,,,,,,,,,,,,,,,
1249,4.0,,,,,,,,,,,,,,,,,,,,,,,,,,,,,,,,,9.999999747378752e-05,9.999999747378752e-05,3.232564267818816e-06,,,,,,,,,,,,,,,,,,,
1299,4.0,,,,,,,,,,,,,,,,,,,,,,,,,,,,,,,,,9.999999747378752e-05,9.999999747378752e-05,3.232564267818816e-06,,,,,,,,,,,,,,,,,,,
1349,4.0,,,,,,,,,,,,,,,,,,,,,,,,,,,,,,,,,9.999999747378752e-05,9.999999747378752e-05,3.232564267818816e-06,,,,,,,,,,,,,,,,,,,
1399,4.0,,,,,,,,,,,,,,,,,,,,,,,,,,,,,,,,,9.999999747378752e-05,9.999999747378752e-05,3.232564267818816e-06,,,,,,,,,,,,,,,,,,,
1449,4.0,,,,,,,,,,,,,,,,,,,,,,,,,,,,,,,,,9.999999747378752e-05,9.999999747378752e-05,3.232564267818816e-06,,,,,,,,,,,,,,,,,,,
1494,4.0,1298.720703125,1298.8984375,1298.792236328125,1298.1446533203125,1298.9163818359375,14.664690971374512,22.503646850585938,0.039523955434560776,0.06247052922844887,0.05332321301102638,0.04382983222603798,0.10613124072551727,0.7009550929069519,0.8022444248199463,0.780207633972168,0.7248847484588623,0.7622284293174744,0.04974353313446045,0.07900874316692352,0.06746966391801834,0.05546697974205017,0.12901943922042847,0.026918156072497368,0.030061878263950348,0.028035566210746765,0.027380410581827164,0.034288860857486725,0.023050833493471146,0.02624831162393093,0.023635193705558777,0.023354778066277504,0.02967027761042118,,,,0.6557915210723877,0.7025075554847717,0.7124630808830261,0.6586021184921265,0.6791990995407104,0.8080750107765198,0.7724364995956421,0.9561286568641663,0.7429052591323853,0.7253958582878113,23.500246047973633,0.773658037185669,0.6823410391807556,0.7418696284294128,0.9213126301765442,0.6693358421325684,0.7030397653579712,0.7114595174789429,0.6975579857826233
1499,5.0,,,,,,,,,,,,,,,,,,,,,,,,,,,,,,,,,9.999999747378752e-05,9.999999747378752e-05,3.232564267818816e-06,,,,,,,,,,,,,,,,,,,
1549,5.0,,,,,,,,,,,,,,,,,,,,,,,,,,,,,,,,,9.999999747378752e-05,9.999999747378752e-05,3.232564267818816e-06,,,,,,,,,,,,,,,,,,,
1599,5.0,,,,,,,,,,,,,,,,,,,,,,,,,,,,,,,,,9.999999747378752e-05,9.999999747378752e-05,3.232564267818816e-06,,,,,,,,,,,,,,,,,,,
1649,5.0,,,,,,,,,,,,,,,,,,,,,,,,,,,,,,,,,9.999999747378752e-05,9.999999747378752e-05,3.232564267818816e-06,,,,,,,,,,,,,,,,,,,
1699,5.0,,,,,,,,,,,,,,,,,,,,,,,,,,,,,,,,,9.999999747378752e-05,9.999999747378752e-05,3.232564267818816e-06,,,,,,,,,,,,,,,,,,,
1749,5.0,,,,,,,,,,,,,,,,,,,,,,,,,,,,,,,,,9.999999747378752e-05,9.999999747378752e-05,3.232564267818816e-06,,,,,,,,,,,,,,,,,,,
1793,5.0,1298.8072509765625,1298.90966796875,1298.77294921875,1297.762939453125,1298.90966796875,14.310707092285156,22.02045440673828,0.04045776277780533,0.06294872611761093,0.05604223534464836,0.044606029987335205,0.09501494467258453,0.6859124302864075,0.7749592065811157,0.7718364000320435,0.7144114375114441,0.743265688419342,0.049822673201560974,0.07925377041101456,0.07022407650947571,0.05605390667915344,0.11806084960699081,0.026090482249855995,0.02887042611837387,0.027192380279302597,0.026162786409258842,0.03375469893217087,0.02239399217069149,0.025847330689430237,0.02326505072414875,0.022291559725999832,0.02940310351550579,,,,0.7166115045547485,0.76821368932724,0.7618844509124756,0.6828176975250244,0.6970838308334351,0.8228545784950256,0.7887522578239441,0.9562904238700867,0.7607036828994751,0.743639349937439,22.04314613342285,0.7668542861938477,0.7323818206787109,0.7396443486213684,0.9509580731391907,0.7324803471565247,0.6865831017494202,0.70524662733078,0.6850472092628479
1799,6.0,,,,,,,,,,,,,,,,,,,,,,,,,,,,,,,,,9.999999747378752e-05,9.999999747378752e-05,3.232564267818816e-06,,,,,,,,,,,,,,,,,,,
1849,6.0,,,,,,,,,,,,,,,,,,,,,,,,,,,,,,,,,9.999999747378752e-05,9.999999747378752e-05,3.232564267818816e-06,,,,,,,,,,,,,,,,,,,
1899,6.0,,,,,,,,,,,,,,,,,,,,,,,,,,,,,,,,,9.999999747378752e-05,9.999999747378752e-05,3.232564267818816e-06,,,,,,,,,,,,,,,,,,,
1949,6.0,,,,,,,,,,,,,,,,,,,,,,,,,,,,,,,,,9.999999747378752e-05,9.999999747378752e-05,3.232564267818816e-06,,,,,,,,,,,,,,,,,,,
1999,6.0,,,,,,,,,,,,,,,,,,,,,,,,,,,,,,,,,9.999999747378752e-05,9.999999747378752e-05,3.232564267818816e-06,,,,,,,,,,,,,,,,,,,
2049,6.0,,,,,,,,,,,,,,,,,,,,,,,,,,,,,,,,,9.999999747378752e-05,9.999999747378752e-05,3.232564267818816e-06,,,,,,,,,,,,,,,,,,,
2092,6.0,1298.8612060546875,1298.9093017578125,1298.897216796875,1298.684814453125,1298.9117431640625,12.76736831665039,21.668310165405273,0.04271281883120537,0.0650375634431839,0.056638628244400024,0.047866709530353546,0.1040806844830513,0.6760892271995544,0.7519422769546509,0.7280520796775818,0.706466794013977,0.7307841777801514,0.051897525787353516,0.08115691691637039,0.07162198424339294,0.05910324677824974,0.1280277520418167,0.02630632184445858,0.029326653108000755,0.027736593037843704,0.026634443551301956,0.03274143859744072,0.022720618173480034,0.026009216904640198,0.023968178778886795,0.02224062569439411,0.029583603143692017,,,,0.7906292676925659,0.7724807262420654,0.7963283658027649,0.6684473156929016,0.7201797962188721,0.8145691156387329,0.7859947681427002,0.955767035484314,0.7532444000244141,0.7383955717086792,21.61654281616211,0.7910954356193542,0.7569714188575745,0.7701436281204224,0.9492697715759277,0.7642645835876465,0.6855080127716064,0.7371641397476196,0.7193735241889954
2099,7.0,,,,,,,,,,,,,,,,,,,,,,,,,,,,,,,,,9.999999747378752e-05,9.999999747378752e-05,3.232564267818816e-06,,,,,,,,,,,,,,,,,,,
2149,7.0,,,,,,,,,,,,,,,,,,,,,,,,,,,,,,,,,9.999999747378752e-05,9.999999747378752e-05,3.232564267818816e-06,,,,,,,,,,,,,,,,,,,
2199,7.0,,,,,,,,,,,,,,,,,,,,,,,,,,,,,,,,,9.999999747378752e-05,9.999999747378752e-05,3.232564267818816e-06,,,,,,,,,,,,,,,,,,,
2249,7.0,,,,,,,,,,,,,,,,,,,,,,,,,,,,,,,,,9.999999747378752e-05,9.999999747378752e-05,3.232564267818816e-06,,,,,,,,,,,,,,,,,,,
2299,7.0,,,,,,,,,,,,,,,,,,,,,,,,,,,,,,,,,9.999999747378752e-05,9.999999747378752e-05,3.232564267818816e-06,,,,,,,,,,,,,,,,,,,
2349,7.0,,,,,,,,,,,,,,,,,,,,,,,,,,,,,,,,,9.999999747378752e-05,9.999999747378752e-05,3.232564267818816e-06,,,,,,,,,,,,,,,,,,,
2391,7.0,1298.8917236328125,1298.91259765625,1298.9080810546875,1298.85791015625,1298.9139404296875,10.653094291687012,20.45635223388672,0.03796829655766487,0.06334161013364792,0.05483737215399742,0.043487321585416794,0.10017140954732895,0.6340140104293823,0.6997672915458679,0.6805290579795837,0.6718358993530273,0.6979882121086121,0.046770162880420685,0.07838495075702667,0.0683567002415657,0.05417143180966377,0.12223396450281143,0.025030897930264473,0.02774510718882084,0.02630755491554737,0.025553137063980103,0.03286038339138031,0.02195335552096367,0.024959957227110863,0.022289671003818512,0.02185787260532379,0.030805431306362152,,,,0.7897936105728149,0.7859751582145691,0.8191455006599426,0.7309244275093079,0.7051093578338623,0.8151514530181885,0.7875272631645203,0.9599454402923584,0.7579447031021118,0.7417192459106445,21.971755981445312,0.8234206438064575,0.7814596891403198,0.7863766551017761,0.9589824676513672,0.754931628704071,0.673035204410553,0.7591873407363892,0.7356353402137756
